<SoaConfig>
  <Network redRoom="localhost:11311" blueRoom="localhost:11411" />
  <Logger outputFile="ResultsLog.xml" enableLogToFile="True" enableLogEventsToFile="True" enableLogToUnityConsole="True" />
  <Simulation simulationRandomSeed="1746306832" gameDurationHr="15" probRedDismountHasWeapon="0.5" probRedTruckHasWeapon="0.5" probRedTruckHasJammer="0.5" controlUpdateRate_s="0.1" predRedMovement="2" />
  <FuelDefaults heavyUAVFuelTankSize_s="10000" smallUAVFuelTankSize_s="40000" />
  <StorageDefaults heavyUAVNumStorageSlots="1" redDismountNumStorageSlots="1" redTruckNumStorageSlots="1" />
  <SensorDefaults>
    <RedDismount>
      <Mode tag="BluePolice" RangeP1_km="1" RangeMax_km="5" />
      <Mode tag="HeavyUAV" RangeP1_km="1" RangeMax_km="5" />
      <Mode tag="SmallUAV" RangeP1_km="1" RangeMax_km="4.5" />
    </RedDismount>
    <RedTruck>
      <Mode tag="BluePolice" RangeP1_km="1" RangeMax_km="5" />
      <Mode tag="HeavyUAV" RangeP1_km="1" RangeMax_km="5" />
      <Mode tag="SmallUAV" RangeP1_km="1" RangeMax_km="4.5" />
    </RedTruck>
    <NeutralDismount />
    <NeutralTruck />
    <BluePolice>
      <Mode tag="RedDismount" RangeP1_km="0.5" RangeMax_km="0.5" />
      <Mode tag="RedTruck" RangeP1_km="0.5" RangeMax_km="0.5" />
      <Mode tag="NeutralDismount" RangeP1_km="0.5" RangeMax_km="0.5" />
      <Mode tag="NeutralTruck" RangeP1_km="0.5" RangeMax_km="0.5" />
    </BluePolice>
    <HeavyUAV beamwidth_deg="360">
      <Mode tag="RedDismount" RangeP1_km="0.5" RangeMax_km="0.5" />
      <Mode tag="RedTruck" RangeP1_km="0.5" RangeMax_km="0.5" />
      <Mode tag="NeutralDismount" RangeP1_km="0.5" RangeMax_km="0.5" />
      <Mode tag="NeutralTruck" RangeP1_km="0.5" RangeMax_km="0.5" />
    </HeavyUAV>
    <SmallUAV beamwidth_deg="90">
      <Mode tag="RedDismount" RangeP1_km="1" RangeMax_km="3.5" />
      <Mode tag="RedTruck" RangeP1_km="2" RangeMax_km="3.5" />
      <Mode tag="NeutralDismount" RangeP1_km="1" RangeMax_km="3.5" />
      <Mode tag="NeutralTruck" RangeP1_km="2" RangeMax_km="3.5" />
    </SmallUAV>
    <BlueBalloon beamwidth_deg="4">
      <Mode tag="RedDismount" RangeP1_km="1E+20" RangeMax_km="1E+20" />
      <Mode tag="RedTruck" RangeP1_km="1E+20" RangeMax_km="1E+20" />
      <Mode tag="NeutralDismount" RangeP1_km="1E+20" RangeMax_km="1E+20" />
      <Mode tag="NeutralTruck" RangeP1_km="1E+20" RangeMax_km="1E+20" />
    </BlueBalloon>
  </SensorDefaults>
  <ClassifierDefaults>
    <RedDismount>
      <Mode tag="BluePolice" RangeP1_km="5" RangeMax_km="5" />
      <Mode tag="HeavyUAV" RangeP1_km="5" RangeMax_km="5" />
      <Mode tag="SmallUAV" RangeP1_km="4.5" RangeMax_km="4.5" />
    </RedDismount>
    <RedTruck>
      <Mode tag="BluePolice" RangeP1_km="5" RangeMax_km="5" />
      <Mode tag="HeavyUAV" RangeP1_km="5" RangeMax_km="5" />
      <Mode tag="SmallUAV" RangeP1_km="4.5" RangeMax_km="4.5" />
    </RedTruck>
    <NeutralDismount />
    <NeutralTruck />
    <BluePolice>
      <Mode tag="RedDismount" RangeP1_km="0.5" RangeMax_km="0.5" />
      <Mode tag="RedTruck" RangeP1_km="0.5" RangeMax_km="0.5" />
      <Mode tag="NeutralDismount" RangeP1_km="0.5" RangeMax_km="0.5" />
      <Mode tag="NeutralTruck" RangeP1_km="0.5" RangeMax_km="0.5" />
    </BluePolice>
    <HeavyUAV>
      <Mode tag="RedDismount" RangeP1_km="0.5" RangeMax_km="0.5" />
      <Mode tag="RedTruck" RangeP1_km="0.5" RangeMax_km="0.5" />
      <Mode tag="NeutralDismount" RangeP1_km="0.5" RangeMax_km="0.5" />
      <Mode tag="NeutralTruck" RangeP1_km="0.5" RangeMax_km="0.5" />
    </HeavyUAV>
    <SmallUAV>
      <Mode tag="RedDismount" RangeP1_km="0.5" RangeMax_km="5" />
      <Mode tag="RedTruck" RangeP1_km="0.5" RangeMax_km="7" />
      <Mode tag="NeutralDismount" RangeP1_km="0.5" RangeMax_km="5" />
      <Mode tag="NeutralTruck" RangeP1_km="0.5" RangeMax_km="7" />
    </SmallUAV>
    <BlueBalloon />
  </ClassifierDefaults>
  <CommsDefaults>
    <Node tag="BlueBase" commsRange_km="5" />
    <Node tag="RedDismount" commsRange_km="5" />
    <Node tag="RedTruck" commsRange_km="5" />
    <Node tag="BluePolice" commsRange_km="5" />
    <Node tag="HeavyUAV" commsRange_km="5" />
    <Node tag="SmallUAV" commsRange_km="5" />
  </CommsDefaults>
  <JammerDefaults>
    <Node tag="RedTruck" jammerRange_km="2" />
  </JammerDefaults>
  <Sites>
    <BlueBase name="Blue Base" x_km="-3.028302" z_km="-9.749226" />
    <RedBase name="Red Base 0" x_km="-17.75151" z_km="13.74636" />
    <RedBase name="Red Base 1" x_km="-0.4399412" z_km="12.75188" />
    <RedBase name="Red Base 2" x_km="22.0788" z_km="10.74931" />
    <NGOSite name="NGO Site 0" x_km="-21.21815" z_km="-1.250106" />
    <NGOSite name="NGO Site 1" x_km="-4.768033" z_km="-5.748886" />
    <NGOSite name="NGO Site 2" x_km="11.6917" z_km="4.764027" />
    <NGOSite name="NGO Site 3" x_km="24.68078" z_km="-6.750573" />
    <Village name="Village 0" x_km="-16.01979" z_km="5.748085" />
    <Village name="Village 1" x_km="-14.29609" z_km="-3.229441" />
    <Village name="Village 2" x_km="-5.633492" z_km="4.745595" />
    <Village name="Village 3" x_km="7.349983" z_km="-0.7436529" />
    <Village name="Village 4" x_km="-13.43063" z_km="-11.76382" />
  </Sites>
  <Local>
    <RedDismount x_km="-0.4016047" z_km="12.8083" />
    <RedDismount x_km="-17.19617" z_km="13.8142" />
    <RedDismount x_km="-0.2270788" z_km="13.22347" />
    <RedDismount x_km="22.58232" z_km="12.09959" />
    <RedDismount x_km="-0.07612443" z_km="12.99094" />
    <RedTruck x_km="-17.0876" z_km="15.01938" />
    <RedTruck x_km="22.12902" z_km="11.05508" />
    <RedTruck x_km="-16.59442" z_km="14.30793" />
    <RedTruck x_km="22.64231" z_km="11.94488" />
    <RedTruck x_km="0.04242447" z_km="12.78612" />
    <NeutralDismount x_km="8.105672" z_km="1.948498" />
    <NeutralDismount x_km="15.06292" z_km="5.27976" />
    <NeutralDismount x_km="7.878576" z_km="1.713073" />
    <NeutralTruck x_km="-15.1956" z_km="7.259373" />
    <NeutralTruck x_km="-11.2041" z_km="-9.361709" />
    <NeutralTruck x_km="-5.027084" z_km="4.837021" />
    <BluePolice x_km="-1.382142" z_km="-9.500172" />
  </Local>
  <Remote>
    <HeavyUAV x_km="1.183696" y_km="4.172114" z_km="-8.816331" id="100" />
    <HeavyUAV x_km="-1.859913" y_km="0.09268555" z_km="-8.348723" id="101" />
    <HeavyUAV x_km="4.795208" y_km="2.220696" z_km="0.1338749" id="102" />
    <SmallUAV x_km="-1.963844" y_km="3.320878" z_km="-8.746167" id="103" />
    <SmallUAV x_km="1.135032" y_km="1.098028" z_km="-6.324481" id="104" />
    <SmallUAV x_km="6.770939" y_km="4.01375" z_km="-2.057822" id="105" />
    <SmallUAV x_km="-2.94489" y_km="0.5432958" z_km="-9.552952" id="106" />
    <SmallUAV x_km="0.2588422" y_km="0.8824617" z_km="-4.844937" id="107" />
    <SmallUAV x_km="-2.251284" y_km="4.839395" z_km="-8.49121" id="108" />
    <SmallUAV x_km="4.095263" y_km="4.295413" z_km="-9.542732" id="109" />
    <SmallUAV x_km="8.628345" y_km="2.643223" z_km="-9.012351" id="110" />
    <SmallUAV x_km="10.2913" y_km="2.078808" z_km="-7.963058" id="111" />
    <SmallUAV x_km="-0.8602586" y_km="0.933265" z_km="-0.01966953" id="112" />
    <SmallUAV x_km="1.005189" y_km="1.321478" z_km="-6.954573" id="113" />
    <SmallUAV x_km="-2.553339" y_km="3.783225" z_km="-7.605757" id="114" />
    <BlueBalloon id="115" teleportLoop="True">
      <Waypoint x_km="-28" z_km="0" />
      <Waypoint x_km="29" z_km="0" />
    </BlueBalloon>
  </Remote>
</SoaConfig>