<SoaConfig>
  <Network redRoom="localhost:11311" blueRoom="localhost:11411" />
  <Logger outputFile="ResultsLog.xml" enableLogToFile="True" enableLogEventsToFile="True" enableLogToUnityConsole="True" />
  <Simulation simulationRandomSeed="950117949" gameDurationHr="15" probRedDismountHasWeapon="0.5" probRedTruckHasWeapon="0.5" probRedTruckHasJammer="0.5" controlUpdateRate_s="0.1" predRedMovement="2" />
  <FuelDefaults heavyUAVFuelTankSize_s="10000" smallUAVFuelTankSize_s="40000" />
  <StorageDefaults heavyUAVNumStorageSlots="1" redDismountNumStorageSlots="1" redTruckNumStorageSlots="1" />
  <SensorDefaults>
    <RedDismount>
      <Mode tag="BluePolice" RangeP1_km="1" RangeMax_km="5" />
      <Mode tag="HeavyUAV" RangeP1_km="1" RangeMax_km="5" />
      <Mode tag="SmallUAV" RangeP1_km="1" RangeMax_km="4.5" />
    </RedDismount>
    <RedTruck>
      <Mode tag="BluePolice" RangeP1_km="1" RangeMax_km="5" />
      <Mode tag="HeavyUAV" RangeP1_km="1" RangeMax_km="5" />
      <Mode tag="SmallUAV" RangeP1_km="1" RangeMax_km="4.5" />
    </RedTruck>
    <NeutralDismount />
    <NeutralTruck />
    <BluePolice>
      <Mode tag="RedDismount" RangeP1_km="0.5" RangeMax_km="0.5" />
      <Mode tag="RedTruck" RangeP1_km="0.5" RangeMax_km="0.5" />
      <Mode tag="NeutralDismount" RangeP1_km="0.5" RangeMax_km="0.5" />
      <Mode tag="NeutralTruck" RangeP1_km="0.5" RangeMax_km="0.5" />
    </BluePolice>
    <HeavyUAV beamwidth_deg="360">
      <Mode tag="RedDismount" RangeP1_km="0.5" RangeMax_km="0.5" />
      <Mode tag="RedTruck" RangeP1_km="0.5" RangeMax_km="0.5" />
      <Mode tag="NeutralDismount" RangeP1_km="0.5" RangeMax_km="0.5" />
      <Mode tag="NeutralTruck" RangeP1_km="0.5" RangeMax_km="0.5" />
    </HeavyUAV>
    <SmallUAV beamwidth_deg="90">
      <Mode tag="RedDismount" RangeP1_km="1" RangeMax_km="3.5" />
      <Mode tag="RedTruck" RangeP1_km="2" RangeMax_km="3.5" />
      <Mode tag="NeutralDismount" RangeP1_km="1" RangeMax_km="3.5" />
      <Mode tag="NeutralTruck" RangeP1_km="2" RangeMax_km="3.5" />
    </SmallUAV>
    <BlueBalloon beamwidth_deg="4">
      <Mode tag="RedDismount" RangeP1_km="1E+20" RangeMax_km="1E+20" />
      <Mode tag="RedTruck" RangeP1_km="1E+20" RangeMax_km="1E+20" />
      <Mode tag="NeutralDismount" RangeP1_km="1E+20" RangeMax_km="1E+20" />
      <Mode tag="NeutralTruck" RangeP1_km="1E+20" RangeMax_km="1E+20" />
    </BlueBalloon>
  </SensorDefaults>
  <ClassifierDefaults>
    <RedDismount>
      <Mode tag="BluePolice" RangeP1_km="5" RangeMax_km="5" />
      <Mode tag="HeavyUAV" RangeP1_km="5" RangeMax_km="5" />
      <Mode tag="SmallUAV" RangeP1_km="4.5" RangeMax_km="4.5" />
    </RedDismount>
    <RedTruck>
      <Mode tag="BluePolice" RangeP1_km="5" RangeMax_km="5" />
      <Mode tag="HeavyUAV" RangeP1_km="5" RangeMax_km="5" />
      <Mode tag="SmallUAV" RangeP1_km="4.5" RangeMax_km="4.5" />
    </RedTruck>
    <NeutralDismount />
    <NeutralTruck />
    <BluePolice>
      <Mode tag="RedDismount" RangeP1_km="0.5" RangeMax_km="0.5" />
      <Mode tag="RedTruck" RangeP1_km="0.5" RangeMax_km="0.5" />
      <Mode tag="NeutralDismount" RangeP1_km="0.5" RangeMax_km="0.5" />
      <Mode tag="NeutralTruck" RangeP1_km="0.5" RangeMax_km="0.5" />
    </BluePolice>
    <HeavyUAV>
      <Mode tag="RedDismount" RangeP1_km="0.5" RangeMax_km="0.5" />
      <Mode tag="RedTruck" RangeP1_km="0.5" RangeMax_km="0.5" />
      <Mode tag="NeutralDismount" RangeP1_km="0.5" RangeMax_km="0.5" />
      <Mode tag="NeutralTruck" RangeP1_km="0.5" RangeMax_km="0.5" />
    </HeavyUAV>
    <SmallUAV>
      <Mode tag="RedDismount" RangeP1_km="0.5" RangeMax_km="5" />
      <Mode tag="RedTruck" RangeP1_km="0.5" RangeMax_km="7" />
      <Mode tag="NeutralDismount" RangeP1_km="0.5" RangeMax_km="5" />
      <Mode tag="NeutralTruck" RangeP1_km="0.5" RangeMax_km="7" />
    </SmallUAV>
    <BlueBalloon />
  </ClassifierDefaults>
  <CommsDefaults>
    <Node tag="BlueBase" commsRange_km="10" />
    <Node tag="RedDismount" commsRange_km="5" />
    <Node tag="RedTruck" commsRange_km="5" />
    <Node tag="BluePolice" commsRange_km="10" />
    <Node tag="HeavyUAV" commsRange_km="10" />
    <Node tag="SmallUAV" commsRange_km="10" />
  </CommsDefaults>
  <JammerDefaults>
    <Node tag="RedTruck" jammerRange_km="2" />
  </JammerDefaults>
  <Sites>
    <BlueBase name="Blue Base" x_km="-3.028302" z_km="-9.749226" />
    <RedBase name="Red Base 0" x_km="-17.75151" z_km="13.74636" />
    <RedBase name="Red Base 1" x_km="-0.4399412" z_km="12.75188" />
    <RedBase name="Red Base 2" x_km="22.0788" z_km="10.74931" />
    <NGOSite name="NGO Site 0" x_km="-21.21815" z_km="-1.250106" />
    <NGOSite name="NGO Site 1" x_km="-4.768033" z_km="-5.748886" />
    <NGOSite name="NGO Site 2" x_km="11.6917" z_km="4.764027" />
    <NGOSite name="NGO Site 3" x_km="24.68078" z_km="-6.750573" />
    <Village name="Village 0" x_km="-16.01979" z_km="5.748085" />
    <Village name="Village 1" x_km="-14.29609" z_km="-3.229441" />
    <Village name="Village 2" x_km="-5.633492" z_km="4.745595" />
    <Village name="Village 3" x_km="7.349983" z_km="-0.7436529" />
    <Village name="Village 4" x_km="-13.43063" z_km="-11.76382" />
  </Sites>
  <Local>
    <RedDismount x_km="-0.3099253" z_km="12.97709" />
    <RedTruck x_km="-16.61563" z_km="14.93707" />
    <NeutralDismount x_km="-13.12925" z_km="-11.34566" />
    <NeutralDismount x_km="-5.063016" z_km="6.999236" />
    <NeutralDismount x_km="-4.375112" z_km="5.700844" />
    <NeutralTruck x_km="-14.67572" z_km="7.984591" />
    <NeutralTruck x_km="-4.597617" z_km="7.470643" />
    <NeutralTruck x_km="25.81581" z_km="-6.663422" />
    <BluePolice x_km="-0.6349854" z_km="-6.611793" />
  </Local>
  <Remote>
    <HeavyUAV x_km="1.302322" y_km="3.462017" z_km="-3.139594" id="100" />
    <HeavyUAV x_km="2.065129" y_km="3.711663" z_km="-8.187139" id="101" />
    <HeavyUAV x_km="3.642116" y_km="2.631926" z_km="-5.081736" id="102" />
    <SmallUAV x_km="8.048306" y_km="3.68806" z_km="-6.322008" id="103" />
    <SmallUAV x_km="2.392595" y_km="1.946638" z_km="-5.824546" id="104" />
    <SmallUAV x_km="-0.2474668" y_km="3.191058" z_km="-3.410299" id="105" />
    <SmallUAV x_km="-2.445853" y_km="3.776893" z_km="-7.425673" id="106" />
    <SmallUAV x_km="-1.9361" y_km="3.820007" z_km="-4.650695" id="107" />
    <SmallUAV x_km="5.161071" y_km="1.463148" z_km="-8.71424" id="108" />
    <SmallUAV x_km="3.455183" y_km="4.409275" z_km="-5.686236" id="109" />
    <SmallUAV x_km="-1.555205" y_km="2.455226" z_km="-8.615374" id="110" />
    <SmallUAV x_km="0.03975391" y_km="3.109427" z_km="-9.490932" id="111" />
    <SmallUAV x_km="-2.320213" y_km="2.790632" z_km="-6.10984" id="112" />
    <SmallUAV x_km="2.575669" y_km="4.982055" z_km="-9.45965" id="113" />
    <SmallUAV x_km="7.231653" y_km="1.947498" z_km="-9.648335" id="114" />
    <SmallUAV x_km="-1.358373" y_km="0.1772659" z_km="-8.185497" id="115" />
    <SmallUAV x_km="2.595375" y_km="1.662279" z_km="-6.781104" id="116" />
    <SmallUAV x_km="-2.800123" y_km="1.148589" z_km="-5.219059" id="117" />
    <SmallUAV x_km="0.951844" y_km="2.675379" z_km="-4.24628" id="118" />
    <SmallUAV x_km="2.419045" y_km="4.32771" z_km="-8.56685" id="119" />
    <SmallUAV x_km="-1.342323" y_km="1.570533" z_km="-2.196932" id="120" />
    <SmallUAV x_km="5.035134" y_km="3.02286" z_km="-8.492476" id="121" />
    <SmallUAV x_km="3.332607" y_km="1.826246" z_km="-8.050366" id="122" />
    <BlueBalloon id="123" teleportLoop="True">
      <Waypoint x_km="-28" z_km="0" />
      <Waypoint x_km="29" z_km="0" />
    </BlueBalloon>
  </Remote>
</SoaConfig>