<SoaConfig>
  <Network redRoom="localhost:11311" blueRoom="localhost:11411" />
  <Logger outputFile="ResultsLog.xml" enableLogToFile="True" enableLogEventsToFile="True" enableLogToUnityConsole="True" />
  <Simulation simulationRandomSeed="1746306832" gameDurationHr="15" probRedDismountHasWeapon="0.5" probRedTruckHasWeapon="0.5" probRedTruckHasJammer="0.5" controlUpdateRate_s="0.1" predRedMovement="0" />
  <FuelDefaults heavyUAVFuelTankSize_s="10000" smallUAVFuelTankSize_s="40000" />
  <StorageDefaults heavyUAVNumStorageSlots="1" redDismountNumStorageSlots="1" redTruckNumStorageSlots="1" />
  <SensorDefaults>
    <RedDismount>
      <Mode tag="BluePolice" RangeP1_km="1" RangeMax_km="5" />
      <Mode tag="HeavyUAV" RangeP1_km="1" RangeMax_km="5" />
      <Mode tag="SmallUAV" RangeP1_km="1" RangeMax_km="4.5" />
    </RedDismount>
    <RedTruck>
      <Mode tag="BluePolice" RangeP1_km="1" RangeMax_km="5" />
      <Mode tag="HeavyUAV" RangeP1_km="1" RangeMax_km="5" />
      <Mode tag="SmallUAV" RangeP1_km="1" RangeMax_km="4.5" />
    </RedTruck>
    <NeutralDismount />
    <NeutralTruck />
    <BluePolice>
      <Mode tag="RedDismount" RangeP1_km="0.5" RangeMax_km="0.5" />
      <Mode tag="RedTruck" RangeP1_km="0.5" RangeMax_km="0.5" />
      <Mode tag="NeutralDismount" RangeP1_km="0.5" RangeMax_km="0.5" />
      <Mode tag="NeutralTruck" RangeP1_km="0.5" RangeMax_km="0.5" />
    </BluePolice>
    <HeavyUAV beamwidth_deg="360">
      <Mode tag="RedDismount" RangeP1_km="0.5" RangeMax_km="0.5" />
      <Mode tag="RedTruck" RangeP1_km="0.5" RangeMax_km="0.5" />
      <Mode tag="NeutralDismount" RangeP1_km="0.5" RangeMax_km="0.5" />
      <Mode tag="NeutralTruck" RangeP1_km="0.5" RangeMax_km="0.5" />
    </HeavyUAV>
    <SmallUAV beamwidth_deg="90">
      <Mode tag="RedDismount" RangeP1_km="1" RangeMax_km="3.5" />
      <Mode tag="RedTruck" RangeP1_km="2" RangeMax_km="3.5" />
      <Mode tag="NeutralDismount" RangeP1_km="1" RangeMax_km="3.5" />
      <Mode tag="NeutralTruck" RangeP1_km="2" RangeMax_km="3.5" />
    </SmallUAV>
    <BlueBalloon beamwidth_deg="4">
      <Mode tag="RedDismount" RangeP1_km="1E+20" RangeMax_km="1E+20" />
      <Mode tag="RedTruck" RangeP1_km="1E+20" RangeMax_km="1E+20" />
      <Mode tag="NeutralDismount" RangeP1_km="1E+20" RangeMax_km="1E+20" />
      <Mode tag="NeutralTruck" RangeP1_km="1E+20" RangeMax_km="1E+20" />
    </BlueBalloon>
  </SensorDefaults>
  <ClassifierDefaults>
    <RedDismount>
      <Mode tag="BluePolice" RangeP1_km="5" RangeMax_km="5" />
      <Mode tag="HeavyUAV" RangeP1_km="5" RangeMax_km="5" />
      <Mode tag="SmallUAV" RangeP1_km="4.5" RangeMax_km="4.5" />
    </RedDismount>
    <RedTruck>
      <Mode tag="BluePolice" RangeP1_km="5" RangeMax_km="5" />
      <Mode tag="HeavyUAV" RangeP1_km="5" RangeMax_km="5" />
      <Mode tag="SmallUAV" RangeP1_km="4.5" RangeMax_km="4.5" />
    </RedTruck>
    <NeutralDismount />
    <NeutralTruck />
    <BluePolice>
      <Mode tag="RedDismount" RangeP1_km="0.5" RangeMax_km="0.5" />
      <Mode tag="RedTruck" RangeP1_km="0.5" RangeMax_km="0.5" />
      <Mode tag="NeutralDismount" RangeP1_km="0.5" RangeMax_km="0.5" />
      <Mode tag="NeutralTruck" RangeP1_km="0.5" RangeMax_km="0.5" />
    </BluePolice>
    <HeavyUAV>
      <Mode tag="RedDismount" RangeP1_km="0.5" RangeMax_km="0.5" />
      <Mode tag="RedTruck" RangeP1_km="0.5" RangeMax_km="0.5" />
      <Mode tag="NeutralDismount" RangeP1_km="0.5" RangeMax_km="0.5" />
      <Mode tag="NeutralTruck" RangeP1_km="0.5" RangeMax_km="0.5" />
    </HeavyUAV>
    <SmallUAV>
      <Mode tag="RedDismount" RangeP1_km="0.5" RangeMax_km="5" />
      <Mode tag="RedTruck" RangeP1_km="0.5" RangeMax_km="7" />
      <Mode tag="NeutralDismount" RangeP1_km="0.5" RangeMax_km="5" />
      <Mode tag="NeutralTruck" RangeP1_km="0.5" RangeMax_km="7" />
    </SmallUAV>
    <BlueBalloon />
  </ClassifierDefaults>
  <CommsDefaults>
    <Node tag="BlueBase" commsRange_km="10" />
    <Node tag="RedDismount" commsRange_km="5" />
    <Node tag="RedTruck" commsRange_km="5" />
    <Node tag="BluePolice" commsRange_km="10" />
    <Node tag="HeavyUAV" commsRange_km="10" />
    <Node tag="SmallUAV" commsRange_km="10" />
  </CommsDefaults>
  <JammerDefaults>
    <Node tag="RedTruck" jammerRange_km="2" />
  </JammerDefaults>
  <Sites>
    <BlueBase name="Blue Base" x_km="-3.028302" z_km="-9.749226" />
    <RedBase name="Red Base 0" x_km="-17.75151" z_km="13.74636" />
    <RedBase name="Red Base 1" x_km="-0.4399412" z_km="12.75188" />
    <RedBase name="Red Base 2" x_km="22.0788" z_km="10.74931" />
    <NGOSite name="NGO Site 0" x_km="-21.21815" z_km="-1.250106" />
    <NGOSite name="NGO Site 1" x_km="-4.768033" z_km="-5.748886" />
    <NGOSite name="NGO Site 2" x_km="11.6917" z_km="4.764027" />
    <NGOSite name="NGO Site 3" x_km="24.68078" z_km="-6.750573" />
    <Village name="Village 0" x_km="-16.01979" z_km="5.748085" />
    <Village name="Village 1" x_km="-14.29609" z_km="-3.229441" />
    <Village name="Village 2" x_km="-5.633492" z_km="4.745595" />
    <Village name="Village 3" x_km="7.349983" z_km="-0.7436529" />
    <Village name="Village 4" x_km="-13.43063" z_km="-11.76382" />
  </Sites>
  <Local>
    <RedDismount x_km="-0.3214051" z_km="12.94082" />
    <RedDismount x_km="0.04698285" z_km="12.83368" />
    <RedDismount x_km="-17.08835" z_km="15.05375" />
    <RedDismount x_km="23.83397" z_km="11.10578" />
    <RedTruck x_km="-0.203486" z_km="12.76218" />
    <RedTruck x_km="-17.745" z_km="13.81155" />
    <RedTruck x_km="-0.3125187" z_km="13.03459" />
    <RedTruck x_km="-17.18196" z_km="14.29367" />
    <NeutralDismount x_km="8.105672" z_km="1.948498" />
    <NeutralDismount x_km="15.06292" z_km="5.27976" />
    <NeutralDismount x_km="7.878576" z_km="1.713073" />
    <NeutralTruck x_km="-15.1956" z_km="7.259373" />
    <NeutralTruck x_km="-11.2041" z_km="-9.361709" />
    <NeutralTruck x_km="-5.027084" z_km="4.837021" />
    <BluePolice x_km="-1.382142" z_km="-9.500172" />
  </Local>
  <Remote>
    <HeavyUAV x_km="1.183696" y_km="4.172114" z_km="-8.816331" id="100" />
    <HeavyUAV x_km="-1.859913" y_km="0.09268555" z_km="-8.348723" id="101" />
    <HeavyUAV x_km="4.795208" y_km="2.220696" z_km="0.1338749" id="102" />
    <SmallUAV x_km="2.663731" y_km="3.095231" z_km="-5.241123" id="103" />
    <SmallUAV x_km="1.716161" y_km="1.108267" z_km="-8.552692" id="104" />
    <SmallUAV x_km="-1.827385" y_km="3.755694" z_km="-9.08405" id="105" />
    <SmallUAV x_km="2.587115" y_km="0.8208781" z_km="-8.300096" id="106" />
    <SmallUAV x_km="-1.99255" y_km="3.343903" z_km="-6.421541" id="107" />
    <SmallUAV x_km="3.559894" y_km="4.533974" z_km="-4.496228" id="108" />
    <SmallUAV x_km="-0.7232413" y_km="4.318601" z_km="-4.820602" id="109" />
    <SmallUAV x_km="-0.02163267" y_km="2.016875" z_km="-2.127444" id="110" />
    <SmallUAV x_km="1.28172" y_km="0.6754123" z_km="-9.20867" id="111" />
    <SmallUAV x_km="5.636949" y_km="4.867517" z_km="-9.673293" id="112" />
    <SmallUAV x_km="-0.4121778" y_km="1.174412" z_km="-3.719357" id="113" />
    <SmallUAV x_km="2.552063" y_km="3.31837" z_km="-7.282207" id="114" />
    <SmallUAV x_km="8.073245" y_km="1.622259" z_km="-9.639099" id="115" />
    <SmallUAV x_km="0.8858907" y_km="1.703622" z_km="-6.352565" id="116" />
    <SmallUAV x_km="2.218989" y_km="1.736322" z_km="-8.10872" id="117" />
    <SmallUAV x_km="2.550976" y_km="3.665771" z_km="-1.828786" id="118" />
    <BlueBalloon id="119" teleportLoop="True">
      <Waypoint x_km="-28" z_km="0" />
      <Waypoint x_km="29" z_km="0" />
    </BlueBalloon>
  </Remote>
</SoaConfig>