<SoaConfig>
  <Network redRoom="localhost:11311" blueRoom="localhost:11411" />
  <Logger outputFile="ResultsLog.xml" enableLogToFile="True" enableLogEventsToFile="True" enableLogToUnityConsole="True" />
  <Simulation simulationRandomSeed="1746306832" gameDurationHr="15" probRedDismountHasWeapon="0.5" probRedTruckHasWeapon="0.5" probRedTruckHasJammer="0.5" controlUpdateRate_s="0.1" predRedMovement="1" />
  <FuelDefaults heavyUAVFuelTankSize_s="10000" smallUAVFuelTankSize_s="40000" />
  <StorageDefaults heavyUAVNumStorageSlots="1" redDismountNumStorageSlots="1" redTruckNumStorageSlots="1" />
  <SensorDefaults>
    <RedDismount>
      <Mode tag="BluePolice" RangeP1_km="1" RangeMax_km="5" />
      <Mode tag="HeavyUAV" RangeP1_km="1" RangeMax_km="5" />
      <Mode tag="SmallUAV" RangeP1_km="1" RangeMax_km="4.5" />
    </RedDismount>
    <RedTruck>
      <Mode tag="BluePolice" RangeP1_km="1" RangeMax_km="5" />
      <Mode tag="HeavyUAV" RangeP1_km="1" RangeMax_km="5" />
      <Mode tag="SmallUAV" RangeP1_km="1" RangeMax_km="4.5" />
    </RedTruck>
    <NeutralDismount />
    <NeutralTruck />
    <BluePolice>
      <Mode tag="RedDismount" RangeP1_km="0.5" RangeMax_km="0.5" />
      <Mode tag="RedTruck" RangeP1_km="0.5" RangeMax_km="0.5" />
      <Mode tag="NeutralDismount" RangeP1_km="0.5" RangeMax_km="0.5" />
      <Mode tag="NeutralTruck" RangeP1_km="0.5" RangeMax_km="0.5" />
    </BluePolice>
    <HeavyUAV beamwidth_deg="360">
      <Mode tag="RedDismount" RangeP1_km="0.5" RangeMax_km="0.5" />
      <Mode tag="RedTruck" RangeP1_km="0.5" RangeMax_km="0.5" />
      <Mode tag="NeutralDismount" RangeP1_km="0.5" RangeMax_km="0.5" />
      <Mode tag="NeutralTruck" RangeP1_km="0.5" RangeMax_km="0.5" />
    </HeavyUAV>
    <SmallUAV beamwidth_deg="90">
      <Mode tag="RedDismount" RangeP1_km="1" RangeMax_km="3.5" />
      <Mode tag="RedTruck" RangeP1_km="2" RangeMax_km="3.5" />
      <Mode tag="NeutralDismount" RangeP1_km="1" RangeMax_km="3.5" />
      <Mode tag="NeutralTruck" RangeP1_km="2" RangeMax_km="3.5" />
    </SmallUAV>
    <BlueBalloon beamwidth_deg="4">
      <Mode tag="RedDismount" RangeP1_km="1E+20" RangeMax_km="1E+20" />
      <Mode tag="RedTruck" RangeP1_km="1E+20" RangeMax_km="1E+20" />
      <Mode tag="NeutralDismount" RangeP1_km="1E+20" RangeMax_km="1E+20" />
      <Mode tag="NeutralTruck" RangeP1_km="1E+20" RangeMax_km="1E+20" />
    </BlueBalloon>
  </SensorDefaults>
  <ClassifierDefaults>
    <RedDismount>
      <Mode tag="BluePolice" RangeP1_km="5" RangeMax_km="5" />
      <Mode tag="HeavyUAV" RangeP1_km="5" RangeMax_km="5" />
      <Mode tag="SmallUAV" RangeP1_km="4.5" RangeMax_km="4.5" />
    </RedDismount>
    <RedTruck>
      <Mode tag="BluePolice" RangeP1_km="5" RangeMax_km="5" />
      <Mode tag="HeavyUAV" RangeP1_km="5" RangeMax_km="5" />
      <Mode tag="SmallUAV" RangeP1_km="4.5" RangeMax_km="4.5" />
    </RedTruck>
    <NeutralDismount />
    <NeutralTruck />
    <BluePolice>
      <Mode tag="RedDismount" RangeP1_km="0.5" RangeMax_km="0.5" />
      <Mode tag="RedTruck" RangeP1_km="0.5" RangeMax_km="0.5" />
      <Mode tag="NeutralDismount" RangeP1_km="0.5" RangeMax_km="0.5" />
      <Mode tag="NeutralTruck" RangeP1_km="0.5" RangeMax_km="0.5" />
    </BluePolice>
    <HeavyUAV>
      <Mode tag="RedDismount" RangeP1_km="0.5" RangeMax_km="0.5" />
      <Mode tag="RedTruck" RangeP1_km="0.5" RangeMax_km="0.5" />
      <Mode tag="NeutralDismount" RangeP1_km="0.5" RangeMax_km="0.5" />
      <Mode tag="NeutralTruck" RangeP1_km="0.5" RangeMax_km="0.5" />
    </HeavyUAV>
    <SmallUAV>
      <Mode tag="RedDismount" RangeP1_km="0.5" RangeMax_km="5" />
      <Mode tag="RedTruck" RangeP1_km="0.5" RangeMax_km="7" />
      <Mode tag="NeutralDismount" RangeP1_km="0.5" RangeMax_km="5" />
      <Mode tag="NeutralTruck" RangeP1_km="0.5" RangeMax_km="7" />
    </SmallUAV>
    <BlueBalloon />
  </ClassifierDefaults>
  <CommsDefaults>
    <Node tag="BlueBase" commsRange_km="10" />
    <Node tag="RedDismount" commsRange_km="5" />
    <Node tag="RedTruck" commsRange_km="5" />
    <Node tag="BluePolice" commsRange_km="10" />
    <Node tag="HeavyUAV" commsRange_km="10" />
    <Node tag="SmallUAV" commsRange_km="10" />
  </CommsDefaults>
  <JammerDefaults>
    <Node tag="RedTruck" jammerRange_km="2" />
  </JammerDefaults>
  <Sites>
    <BlueBase name="Blue Base" x_km="-3.028302" z_km="-9.749226" />
    <RedBase name="Red Base 0" x_km="-17.75151" z_km="13.74636" />
    <RedBase name="Red Base 1" x_km="-0.4399412" z_km="12.75188" />
    <RedBase name="Red Base 2" x_km="22.0788" z_km="10.74931" />
    <NGOSite name="NGO Site 0" x_km="-21.21815" z_km="-1.250106" />
    <NGOSite name="NGO Site 1" x_km="-4.768033" z_km="-5.748886" />
    <NGOSite name="NGO Site 2" x_km="11.6917" z_km="4.764027" />
    <NGOSite name="NGO Site 3" x_km="24.68078" z_km="-6.750573" />
    <Village name="Village 0" x_km="-16.01979" z_km="5.748085" />
    <Village name="Village 1" x_km="-14.29609" z_km="-3.229441" />
    <Village name="Village 2" x_km="-5.633492" z_km="4.745595" />
    <Village name="Village 3" x_km="7.349983" z_km="-0.7436529" />
    <Village name="Village 4" x_km="-13.43063" z_km="-11.76382" />
  </Sites>
  <Local>
    <RedDismount x_km="22.88665" z_km="11.87242" />
    <RedDismount x_km="22.45108" z_km="12.26485" />
    <RedDismount x_km="-16.85889" z_km="14.52859" />
    <RedDismount x_km="-0.1574908" z_km="13.24751" />
    <RedDismount x_km="-0.1069532" z_km="13.04615" />
    <RedTruck x_km="22.69806" z_km="11.89663" />
    <RedTruck x_km="-0.3842899" z_km="12.80413" />
    <RedTruck x_km="-0.3314135" z_km="12.81408" />
    <RedTruck x_km="-16.453" z_km="14.4208" />
    <RedTruck x_km="-16.79824" z_km="15.01517" />
    <NeutralDismount x_km="8.105672" z_km="1.948498" />
    <NeutralDismount x_km="15.06292" z_km="5.27976" />
    <NeutralDismount x_km="7.878576" z_km="1.713073" />
    <NeutralTruck x_km="-15.1956" z_km="7.259373" />
    <NeutralTruck x_km="-11.2041" z_km="-9.361709" />
    <NeutralTruck x_km="-5.027084" z_km="4.837021" />
    <BluePolice x_km="-1.382142" z_km="-9.500172" />
  </Local>
  <Remote>
    <HeavyUAV x_km="1.183696" y_km="4.172114" z_km="-8.816331" id="100" />
    <HeavyUAV x_km="-1.859913" y_km="0.09268555" z_km="-8.348723" id="101" />
    <HeavyUAV x_km="4.795208" y_km="2.220696" z_km="0.1338749" id="102" />
    <SmallUAV x_km="0.5567434" y_km="2.539198" z_km="-7.177237" id="103" />
    <SmallUAV x_km="7.832541" y_km="1.439454" z_km="-8.466008" id="104" />
    <SmallUAV x_km="-1.004123" y_km="0.12582" z_km="-7.605089" id="105" />
    <SmallUAV x_km="0.384275" y_km="2.398352" z_km="-5.152328" id="106" />
    <SmallUAV x_km="-2.751141" y_km="3.812289" z_km="-7.514883" id="107" />
    <SmallUAV x_km="2.030138" y_km="3.435715" z_km="-6.520123" id="108" />
    <SmallUAV x_km="0.6543694" y_km="3.56742" z_km="-8.968793" id="109" />
    <SmallUAV x_km="0.3188429" y_km="3.199392" z_km="-6.944714" id="110" />
    <BlueBalloon id="111" teleportLoop="True">
      <Waypoint x_km="-28" z_km="0" />
      <Waypoint x_km="29" z_km="0" />
    </BlueBalloon>
  </Remote>
</SoaConfig>