<SoaConfig>
  <Network redRoom="localhost:11311" blueRoom="localhost:11411" />
  <Logger outputFile="ResultsLog.xml" enableLogToFile="True" enableLogEventsToFile="True" enableLogToUnityConsole="True" />
  <Simulation simulationRandomSeed="1746306832" gameDurationHr="15" probRedDismountHasWeapon="0.5" probRedTruckHasWeapon="0.5" probRedTruckHasJammer="0.5" controlUpdateRate_s="0.1" predRedMovement="1" />
  <FuelDefaults heavyUAVFuelTankSize_s="10000" smallUAVFuelTankSize_s="40000" />
  <StorageDefaults heavyUAVNumStorageSlots="1" redDismountNumStorageSlots="1" redTruckNumStorageSlots="1" />
  <SensorDefaults>
    <RedDismount>
      <Mode tag="BluePolice" RangeP1_km="1" RangeMax_km="5" />
      <Mode tag="HeavyUAV" RangeP1_km="1" RangeMax_km="5" />
      <Mode tag="SmallUAV" RangeP1_km="1" RangeMax_km="4.5" />
    </RedDismount>
    <RedTruck>
      <Mode tag="BluePolice" RangeP1_km="1" RangeMax_km="5" />
      <Mode tag="HeavyUAV" RangeP1_km="1" RangeMax_km="5" />
      <Mode tag="SmallUAV" RangeP1_km="1" RangeMax_km="4.5" />
    </RedTruck>
    <NeutralDismount />
    <NeutralTruck />
    <BluePolice>
      <Mode tag="RedDismount" RangeP1_km="0.5" RangeMax_km="0.5" />
      <Mode tag="RedTruck" RangeP1_km="0.5" RangeMax_km="0.5" />
      <Mode tag="NeutralDismount" RangeP1_km="0.5" RangeMax_km="0.5" />
      <Mode tag="NeutralTruck" RangeP1_km="0.5" RangeMax_km="0.5" />
    </BluePolice>
    <HeavyUAV beamwidth_deg="360">
      <Mode tag="RedDismount" RangeP1_km="0.5" RangeMax_km="0.5" />
      <Mode tag="RedTruck" RangeP1_km="0.5" RangeMax_km="0.5" />
      <Mode tag="NeutralDismount" RangeP1_km="0.5" RangeMax_km="0.5" />
      <Mode tag="NeutralTruck" RangeP1_km="0.5" RangeMax_km="0.5" />
    </HeavyUAV>
    <SmallUAV beamwidth_deg="90">
      <Mode tag="RedDismount" RangeP1_km="1" RangeMax_km="3.5" />
      <Mode tag="RedTruck" RangeP1_km="2" RangeMax_km="3.5" />
      <Mode tag="NeutralDismount" RangeP1_km="1" RangeMax_km="3.5" />
      <Mode tag="NeutralTruck" RangeP1_km="2" RangeMax_km="3.5" />
    </SmallUAV>
    <BlueBalloon beamwidth_deg="4">
      <Mode tag="RedDismount" RangeP1_km="1E+20" RangeMax_km="1E+20" />
      <Mode tag="RedTruck" RangeP1_km="1E+20" RangeMax_km="1E+20" />
      <Mode tag="NeutralDismount" RangeP1_km="1E+20" RangeMax_km="1E+20" />
      <Mode tag="NeutralTruck" RangeP1_km="1E+20" RangeMax_km="1E+20" />
    </BlueBalloon>
  </SensorDefaults>
  <ClassifierDefaults>
    <RedDismount>
      <Mode tag="BluePolice" RangeP1_km="5" RangeMax_km="5" />
      <Mode tag="HeavyUAV" RangeP1_km="5" RangeMax_km="5" />
      <Mode tag="SmallUAV" RangeP1_km="4.5" RangeMax_km="4.5" />
    </RedDismount>
    <RedTruck>
      <Mode tag="BluePolice" RangeP1_km="5" RangeMax_km="5" />
      <Mode tag="HeavyUAV" RangeP1_km="5" RangeMax_km="5" />
      <Mode tag="SmallUAV" RangeP1_km="4.5" RangeMax_km="4.5" />
    </RedTruck>
    <NeutralDismount />
    <NeutralTruck />
    <BluePolice>
      <Mode tag="RedDismount" RangeP1_km="0.5" RangeMax_km="0.5" />
      <Mode tag="RedTruck" RangeP1_km="0.5" RangeMax_km="0.5" />
      <Mode tag="NeutralDismount" RangeP1_km="0.5" RangeMax_km="0.5" />
      <Mode tag="NeutralTruck" RangeP1_km="0.5" RangeMax_km="0.5" />
    </BluePolice>
    <HeavyUAV>
      <Mode tag="RedDismount" RangeP1_km="0.5" RangeMax_km="0.5" />
      <Mode tag="RedTruck" RangeP1_km="0.5" RangeMax_km="0.5" />
      <Mode tag="NeutralDismount" RangeP1_km="0.5" RangeMax_km="0.5" />
      <Mode tag="NeutralTruck" RangeP1_km="0.5" RangeMax_km="0.5" />
    </HeavyUAV>
    <SmallUAV>
      <Mode tag="RedDismount" RangeP1_km="0.5" RangeMax_km="5" />
      <Mode tag="RedTruck" RangeP1_km="0.5" RangeMax_km="7" />
      <Mode tag="NeutralDismount" RangeP1_km="0.5" RangeMax_km="5" />
      <Mode tag="NeutralTruck" RangeP1_km="0.5" RangeMax_km="7" />
    </SmallUAV>
    <BlueBalloon />
  </ClassifierDefaults>
  <CommsDefaults>
    <Node tag="BlueBase" commsRange_km="10" />
    <Node tag="RedDismount" commsRange_km="5" />
    <Node tag="RedTruck" commsRange_km="5" />
    <Node tag="BluePolice" commsRange_km="10" />
    <Node tag="HeavyUAV" commsRange_km="10" />
    <Node tag="SmallUAV" commsRange_km="10" />
  </CommsDefaults>
  <JammerDefaults>
    <Node tag="RedTruck" jammerRange_km="2" />
  </JammerDefaults>
  <Sites>
    <BlueBase name="Blue Base" x_km="-3.028302" z_km="-9.749226" />
    <RedBase name="Red Base 0" x_km="-17.75151" z_km="13.74636" />
    <RedBase name="Red Base 1" x_km="-0.4399412" z_km="12.75188" />
    <RedBase name="Red Base 2" x_km="22.0788" z_km="10.74931" />
    <NGOSite name="NGO Site 0" x_km="-21.21815" z_km="-1.250106" />
    <NGOSite name="NGO Site 1" x_km="-4.768033" z_km="-5.748886" />
    <NGOSite name="NGO Site 2" x_km="11.6917" z_km="4.764027" />
    <NGOSite name="NGO Site 3" x_km="24.68078" z_km="-6.750573" />
    <Village name="Village 0" x_km="-16.01979" z_km="5.748085" />
    <Village name="Village 1" x_km="-14.29609" z_km="-3.229441" />
    <Village name="Village 2" x_km="-5.633492" z_km="4.745595" />
    <Village name="Village 3" x_km="7.349983" z_km="-0.7436529" />
    <Village name="Village 4" x_km="-13.43063" z_km="-11.76382" />
  </Sites>
  <Local>
    <RedDismount x_km="-0.3283847" z_km="12.77466" />
    <RedTruck x_km="23.79419" z_km="11.0278" />
    <NeutralDismount x_km="8.105672" z_km="1.948498" />
    <NeutralDismount x_km="15.06292" z_km="5.27976" />
    <NeutralDismount x_km="7.878576" z_km="1.713073" />
    <NeutralTruck x_km="-15.1956" z_km="7.259373" />
    <NeutralTruck x_km="-11.2041" z_km="-9.361709" />
    <NeutralTruck x_km="-5.027084" z_km="4.837021" />
    <BluePolice x_km="-1.382142" z_km="-9.500172" />
  </Local>
  <Remote>
    <HeavyUAV x_km="1.183696" y_km="4.172114" z_km="-8.816331" id="100" />
    <HeavyUAV x_km="-1.859913" y_km="0.09268555" z_km="-8.348723" id="101" />
    <HeavyUAV x_km="4.795208" y_km="2.220696" z_km="0.1338749" id="102" />
    <SmallUAV x_km="1.254269" y_km="2.824501" z_km="-7.848252" id="103" />
    <SmallUAV x_km="-2.704796" y_km="1.00088" z_km="-8.429147" id="104" />
    <SmallUAV x_km="2.835491" y_km="0.9109544" z_km="-9.547316" id="105" />
    <SmallUAV x_km="3.313276" y_km="2.116595" z_km="-8.540739" id="106" />
    <SmallUAV x_km="4.408186" y_km="3.723155" z_km="-7.884929" id="107" />
    <SmallUAV x_km="-2.281363" y_km="3.479544" z_km="-8.22496" id="108" />
    <SmallUAV x_km="-0.9853055" y_km="3.256268" z_km="-9.048136" id="109" />
    <SmallUAV x_km="-1.667135" y_km="4.627458" z_km="-9.274689" id="110" />
    <SmallUAV x_km="-2.96685" y_km="4.340044" z_km="-9.411852" id="111" />
    <SmallUAV x_km="-2.558031" y_km="1.616082" z_km="-7.159865" id="112" />
    <SmallUAV x_km="2.319038" y_km="3.320656" z_km="-4.577835" id="113" />
    <SmallUAV x_km="0.6567695" y_km="2.848765" z_km="-9.151433" id="114" />
    <SmallUAV x_km="-0.6381869" y_km="4.56138" z_km="-1.106446" id="115" />
    <SmallUAV x_km="-2.710441" y_km="1.612787" z_km="-6.880957" id="116" />
    <SmallUAV x_km="-2.347066" y_km="1.216795" z_km="-7.78567" id="117" />
    <SmallUAV x_km="4.286542" y_km="2.52146" z_km="-9.438704" id="118" />
    <SmallUAV x_km="-1.779055" y_km="1.405429" z_km="-1.314134" id="119" />
    <SmallUAV x_km="-0.3526325" y_km="0.4509046" z_km="-9.037664" id="120" />
    <SmallUAV x_km="3.347095" y_km="3.035055" z_km="-6.136059" id="121" />
    <SmallUAV x_km="-2.603683" y_km="2.704256" z_km="-8.301298" id="122" />
    <BlueBalloon id="123" teleportLoop="True">
      <Waypoint x_km="-28" z_km="0" />
      <Waypoint x_km="29" z_km="0" />
    </BlueBalloon>
  </Remote>
</SoaConfig>