<SoaConfig>
  <Network redRoom="localhost:11311" blueRoom="localhost:11411" />
  <Logger outputFile="ResultsLog.xml" enableLogToFile="True" enableLogEventsToFile="True" enableLogToUnityConsole="True" />
  <Simulation simulationRandomSeed="950117949" gameDurationHr="15" probRedDismountHasWeapon="0.5" probRedTruckHasWeapon="0.5" probRedTruckHasJammer="0.5" controlUpdateRate_s="0.1" predRedMovement="2" />
  <FuelDefaults heavyUAVFuelTankSize_s="10000" smallUAVFuelTankSize_s="40000" />
  <StorageDefaults heavyUAVNumStorageSlots="1" redDismountNumStorageSlots="1" redTruckNumStorageSlots="1" />
  <SensorDefaults>
    <RedDismount>
      <Mode tag="BluePolice" RangeP1_km="1" RangeMax_km="5" />
      <Mode tag="HeavyUAV" RangeP1_km="1" RangeMax_km="5" />
      <Mode tag="SmallUAV" RangeP1_km="1" RangeMax_km="4.5" />
    </RedDismount>
    <RedTruck>
      <Mode tag="BluePolice" RangeP1_km="1" RangeMax_km="5" />
      <Mode tag="HeavyUAV" RangeP1_km="1" RangeMax_km="5" />
      <Mode tag="SmallUAV" RangeP1_km="1" RangeMax_km="4.5" />
    </RedTruck>
    <NeutralDismount />
    <NeutralTruck />
    <BluePolice>
      <Mode tag="RedDismount" RangeP1_km="0.5" RangeMax_km="0.5" />
      <Mode tag="RedTruck" RangeP1_km="0.5" RangeMax_km="0.5" />
      <Mode tag="NeutralDismount" RangeP1_km="0.5" RangeMax_km="0.5" />
      <Mode tag="NeutralTruck" RangeP1_km="0.5" RangeMax_km="0.5" />
    </BluePolice>
    <HeavyUAV beamwidth_deg="360">
      <Mode tag="RedDismount" RangeP1_km="0.5" RangeMax_km="0.5" />
      <Mode tag="RedTruck" RangeP1_km="0.5" RangeMax_km="0.5" />
      <Mode tag="NeutralDismount" RangeP1_km="0.5" RangeMax_km="0.5" />
      <Mode tag="NeutralTruck" RangeP1_km="0.5" RangeMax_km="0.5" />
    </HeavyUAV>
    <SmallUAV beamwidth_deg="90">
      <Mode tag="RedDismount" RangeP1_km="1" RangeMax_km="3.5" />
      <Mode tag="RedTruck" RangeP1_km="2" RangeMax_km="3.5" />
      <Mode tag="NeutralDismount" RangeP1_km="1" RangeMax_km="3.5" />
      <Mode tag="NeutralTruck" RangeP1_km="2" RangeMax_km="3.5" />
    </SmallUAV>
    <BlueBalloon beamwidth_deg="4">
      <Mode tag="RedDismount" RangeP1_km="1E+20" RangeMax_km="1E+20" />
      <Mode tag="RedTruck" RangeP1_km="1E+20" RangeMax_km="1E+20" />
      <Mode tag="NeutralDismount" RangeP1_km="1E+20" RangeMax_km="1E+20" />
      <Mode tag="NeutralTruck" RangeP1_km="1E+20" RangeMax_km="1E+20" />
    </BlueBalloon>
  </SensorDefaults>
  <ClassifierDefaults>
    <RedDismount>
      <Mode tag="BluePolice" RangeP1_km="5" RangeMax_km="5" />
      <Mode tag="HeavyUAV" RangeP1_km="5" RangeMax_km="5" />
      <Mode tag="SmallUAV" RangeP1_km="4.5" RangeMax_km="4.5" />
    </RedDismount>
    <RedTruck>
      <Mode tag="BluePolice" RangeP1_km="5" RangeMax_km="5" />
      <Mode tag="HeavyUAV" RangeP1_km="5" RangeMax_km="5" />
      <Mode tag="SmallUAV" RangeP1_km="4.5" RangeMax_km="4.5" />
    </RedTruck>
    <NeutralDismount />
    <NeutralTruck />
    <BluePolice>
      <Mode tag="RedDismount" RangeP1_km="0.5" RangeMax_km="0.5" />
      <Mode tag="RedTruck" RangeP1_km="0.5" RangeMax_km="0.5" />
      <Mode tag="NeutralDismount" RangeP1_km="0.5" RangeMax_km="0.5" />
      <Mode tag="NeutralTruck" RangeP1_km="0.5" RangeMax_km="0.5" />
    </BluePolice>
    <HeavyUAV>
      <Mode tag="RedDismount" RangeP1_km="0.5" RangeMax_km="0.5" />
      <Mode tag="RedTruck" RangeP1_km="0.5" RangeMax_km="0.5" />
      <Mode tag="NeutralDismount" RangeP1_km="0.5" RangeMax_km="0.5" />
      <Mode tag="NeutralTruck" RangeP1_km="0.5" RangeMax_km="0.5" />
    </HeavyUAV>
    <SmallUAV>
      <Mode tag="RedDismount" RangeP1_km="0.5" RangeMax_km="5" />
      <Mode tag="RedTruck" RangeP1_km="0.5" RangeMax_km="7" />
      <Mode tag="NeutralDismount" RangeP1_km="0.5" RangeMax_km="5" />
      <Mode tag="NeutralTruck" RangeP1_km="0.5" RangeMax_km="7" />
    </SmallUAV>
    <BlueBalloon />
  </ClassifierDefaults>
  <CommsDefaults>
    <Node tag="BlueBase" commsRange_km="15" />
    <Node tag="RedDismount" commsRange_km="5" />
    <Node tag="RedTruck" commsRange_km="5" />
    <Node tag="BluePolice" commsRange_km="15" />
    <Node tag="HeavyUAV" commsRange_km="15" />
    <Node tag="SmallUAV" commsRange_km="15" />
  </CommsDefaults>
  <JammerDefaults>
    <Node tag="RedTruck" jammerRange_km="2" />
  </JammerDefaults>
  <Sites>
    <BlueBase name="Blue Base" x_km="-3.028302" z_km="-9.749226" />
    <RedBase name="Red Base 0" x_km="-17.75151" z_km="13.74636" />
    <RedBase name="Red Base 1" x_km="-0.4399412" z_km="12.75188" />
    <RedBase name="Red Base 2" x_km="22.0788" z_km="10.74931" />
    <NGOSite name="NGO Site 0" x_km="-21.21815" z_km="-1.250106" />
    <NGOSite name="NGO Site 1" x_km="-4.768033" z_km="-5.748886" />
    <NGOSite name="NGO Site 2" x_km="11.6917" z_km="4.764027" />
    <NGOSite name="NGO Site 3" x_km="24.68078" z_km="-6.750573" />
    <Village name="Village 0" x_km="-16.01979" z_km="5.748085" />
    <Village name="Village 1" x_km="-14.29609" z_km="-3.229441" />
    <Village name="Village 2" x_km="-5.633492" z_km="4.745595" />
    <Village name="Village 3" x_km="7.349983" z_km="-0.7436529" />
    <Village name="Village 4" x_km="-13.43063" z_km="-11.76382" />
  </Sites>
  <Local>
    <RedDismount x_km="22.29247" z_km="10.88564" />
    <RedDismount x_km="-0.1249108" z_km="13.02172" />
    <RedDismount x_km="-0.1126614" z_km="12.84593" />
    <RedDismount x_km="-17.19613" z_km="14.63021" />
    <RedTruck x_km="-16.89754" z_km="14.14577" />
    <RedTruck x_km="23.56108" z_km="11.62817" />
    <RedTruck x_km="-17.6833" z_km="15.43064" />
    <RedTruck x_km="22.69053" z_km="12.55939" />
    <NeutralDismount x_km="-13.12925" z_km="-11.34566" />
    <NeutralDismount x_km="-5.063016" z_km="6.999236" />
    <NeutralDismount x_km="-4.375112" z_km="5.700844" />
    <NeutralTruck x_km="-14.67572" z_km="7.984591" />
    <NeutralTruck x_km="-4.597617" z_km="7.470643" />
    <NeutralTruck x_km="25.81581" z_km="-6.663422" />
    <BluePolice x_km="-0.6349854" z_km="-6.611793" />
  </Local>
  <Remote>
    <HeavyUAV x_km="1.302322" y_km="3.462017" z_km="-3.139594" id="100" />
    <HeavyUAV x_km="2.065129" y_km="3.711663" z_km="-8.187139" id="101" />
    <HeavyUAV x_km="3.642116" y_km="2.631926" z_km="-5.081736" id="102" />
    <SmallUAV x_km="7.082189" y_km="2.806929" z_km="-8.991222" id="103" />
    <SmallUAV x_km="2.597554" y_km="4.555505" z_km="-4.843366" id="104" />
    <SmallUAV x_km="0.7020636" y_km="3.033261" z_km="-9.200891" id="105" />
    <SmallUAV x_km="2.395243" y_km="3.170133" z_km="-6.02337" id="106" />
    <SmallUAV x_km="5.65876" y_km="3.164305" z_km="-8.145641" id="107" />
    <SmallUAV x_km="1.346041" y_km="2.263275" z_km="-8.123905" id="108" />
    <SmallUAV x_km="0.6037481" y_km="2.029315" z_km="-2.354367" id="109" />
    <SmallUAV x_km="0.3256464" y_km="3.393872" z_km="-8.330667" id="110" />
    <SmallUAV x_km="2.448427" y_km="4.215412" z_km="-3.981876" id="111" />
    <SmallUAV x_km="0.4296103" y_km="2.645712" z_km="-9.427732" id="112" />
    <SmallUAV x_km="5.323281" y_km="2.661959" z_km="-6.169396" id="113" />
    <SmallUAV x_km="9.318957" y_km="3.982473" z_km="-7.452388" id="114" />
    <SmallUAV x_km="-1.364367" y_km="2.096618" z_km="-8.759542" id="115" />
    <SmallUAV x_km="1.268042" y_km="3.237283" z_km="-6.862036" id="116" />
    <SmallUAV x_km="0.6980023" y_km="3.730911" z_km="-4.758348" id="117" />
    <SmallUAV x_km="7.436222" y_km="1.747408" z_km="-7.279222" id="118" />
    <BlueBalloon id="119" teleportLoop="True">
      <Waypoint x_km="-28" z_km="0" />
      <Waypoint x_km="29" z_km="0" />
    </BlueBalloon>
  </Remote>
</SoaConfig>